method,category,k,seed,checkpoint,training_config,selected_offsets,accuracy,macro_precision,macro_recall,macro_f1,params,active_ops,skipped_ops,movement_local,latency_proxy,energy_proxy_b,inference_config,software_sparse_kernel
learned13_fixed_mask,learned_fixed_mask,13,7,mnist_scamp_offset13.pt,"{""training"": ""learned static top-k; mask applied at inference"", ""weight_checkpoint"": ""mnist_scamp_offset13.pt""}","[[0, 0], [0, 1], [0, 2], [0, 3], [1, 0], [1, 2], [1, 3], [2, 0], [2, 3], [3, 0], [3, 1], [3, 2], [3, 3]]",0.9735,0.9733956783434561,0.9733359654990015,0.9733528924394095,41242,664554,424982,114688,60.0,744647.6000000001,CPU framework-independent masked weights; FP32 accumulator; batch-independent eval; MNIST firmware preprocessing,False
random13_1,random_fixed_mask,13,20260931,mnist_scamp_offset13.deploy.pt,"{""mask_seed"": 20260931, ""training"": ""none; fixed-mask inference ablation"", ""weight_checkpoint"": ""mnist_scamp_offset13.deploy.pt""}","[[0, 0], [0, 2], [0, 3], [1, 0], [1, 1], [1, 2], [1, 3], [2, 0], [2, 2], [2, 3], [3, 1], [3, 2], [3, 3]]",0.7971,0.8736186747800645,0.7945313708524837,0.7987312370071741,41242,664554,424982,118784,61.0,746113.2000000001,CPU framework-independent masked weights; FP32 accumulator; batch-independent eval; MNIST firmware preprocessing,False
random13_2,random_fixed_mask,13,20260932,mnist_scamp_offset13.deploy.pt,"{""mask_seed"": 20260932, ""training"": ""none; fixed-mask inference ablation"", ""weight_checkpoint"": ""mnist_scamp_offset13.deploy.pt""}","[[0, 0], [0, 1], [0, 2], [1, 2], [1, 3], [2, 0], [2, 1], [2, 2], [2, 3], [3, 0], [3, 1], [3, 2], [3, 3]]",0.8389,0.8928624015354432,0.8388527252722966,0.8420446841713058,41242,668650,420886,110592,59.0,747278.0,CPU framework-independent masked weights; FP32 accumulator; batch-independent eval; MNIST firmware preprocessing,False
random13_3,random_fixed_mask,13,20260933,mnist_scamp_offset13.deploy.pt,"{""mask_seed"": 20260933, ""training"": ""none; fixed-mask inference ablation"", ""weight_checkpoint"": ""mnist_scamp_offset13.deploy.pt""}","[[0, 0], [0, 1], [0, 2], [0, 3], [1, 0], [1, 1], [1, 2], [1, 3], [2, 0], [2, 2], [3, 1], [3, 2], [3, 3]]",0.8903,0.9084830765538292,0.8886459534168469,0.8891868460950848,41242,656362,433174,118784,61.0,737921.2000000001,CPU framework-independent masked weights; FP32 accumulator; batch-independent eval; MNIST firmware preprocessing,False
random13_4,random_fixed_mask,13,20260934,mnist_scamp_offset13.deploy.pt,"{""mask_seed"": 20260934, ""training"": ""none; fixed-mask inference ablation"", ""weight_checkpoint"": ""mnist_scamp_offset13.deploy.pt""}","[[0, 2], [0, 3], [1, 0], [1, 1], [1, 2], [2, 0], [2, 1], [2, 2], [2, 3], [3, 0], [3, 1], [3, 2], [3, 3]]",0.8195,0.8959685410754934,0.8182790828016315,0.833180725686322,41242,648170,441366,114688,60.0,728263.6000000001,CPU framework-independent masked weights; FP32 accumulator; batch-independent eval; MNIST firmware preprocessing,False
random13_5,random_fixed_mask,13,20260935,mnist_scamp_offset13.deploy.pt,"{""mask_seed"": 20260935, ""training"": ""none; fixed-mask inference ablation"", ""weight_checkpoint"": ""mnist_scamp_offset13.deploy.pt""}","[[0, 0], [0, 2], [1, 0], [1, 1], [1, 2], [1, 3], [2, 0], [2, 2], [2, 3], [3, 0], [3, 1], [3, 2], [3, 3]]",0.959,0.9597298001858559,0.958566471891172,0.9586866920320096,41242,664554,424982,118784,61.0,746113.2000000001,CPU framework-independent masked weights; FP32 accumulator; batch-independent eval; MNIST firmware preprocessing,False
random13_qat_1,random_mask_on_qat,13,20260931,mnist_scamp_qat.pt,"{""mask_seed"": 20260931, ""training"": ""none; same fixed mask applied to original QAT weights"", ""weight_checkpoint"": ""mnist_scamp_qat.pt""}","[[0, 0], [0, 2], [0, 3], [1, 0], [1, 1], [1, 2], [1, 3], [2, 0], [2, 2], [2, 3], [3, 1], [3, 2], [3, 3]]",0.8391,0.8942003315243271,0.8383303851441507,0.8393219153941753,41242,733009,356527,118784,61.0,814568.2000000001,CPU framework-independent masked weights; FP32 accumulator; batch-independent eval; MNIST firmware preprocessing,False
random13_qat_2,random_mask_on_qat,13,20260932,mnist_scamp_qat.pt,"{""mask_seed"": 20260932, ""training"": ""none; same fixed mask applied to original QAT weights"", ""weight_checkpoint"": ""mnist_scamp_qat.pt""}","[[0, 0], [0, 1], [0, 2], [1, 2], [1, 3], [2, 0], [2, 1], [2, 2], [2, 3], [3, 0], [3, 1], [3, 2], [3, 3]]",0.9238,0.9351847204041059,0.922864282990522,0.9249011200532171,41242,753489,336047,110592,59.0,832117.0,CPU framework-independent masked weights; FP32 accumulator; batch-independent eval; MNIST firmware preprocessing,False
random13_qat_3,random_mask_on_qat,13,20260933,mnist_scamp_qat.pt,"{""mask_seed"": 20260933, ""training"": ""none; same fixed mask applied to original QAT weights"", ""weight_checkpoint"": ""mnist_scamp_qat.pt""}","[[0, 0], [0, 1], [0, 2], [0, 3], [1, 0], [1, 1], [1, 2], [1, 3], [2, 0], [2, 2], [3, 1], [3, 2], [3, 3]]",0.7033,0.8345010658837217,0.698834035438042,0.6598881812770115,41242,733009,356527,118784,61.0,814568.2000000001,CPU framework-independent masked weights; FP32 accumulator; batch-independent eval; MNIST firmware preprocessing,False
random13_qat_4,random_mask_on_qat,13,20260934,mnist_scamp_qat.pt,"{""mask_seed"": 20260934, ""training"": ""none; same fixed mask applied to original QAT weights"", ""weight_checkpoint"": ""mnist_scamp_qat.pt""}","[[0, 2], [0, 3], [1, 0], [1, 1], [1, 2], [2, 0], [2, 1], [2, 2], [2, 3], [3, 0], [3, 1], [3, 2], [3, 3]]",0.6938,0.8507226450799996,0.6948417657697934,0.715733702234422,41242,728913,360623,114688,60.0,809006.6000000001,CPU framework-independent masked weights; FP32 accumulator; batch-independent eval; MNIST firmware preprocessing,False
random13_qat_5,random_mask_on_qat,13,20260935,mnist_scamp_qat.pt,"{""mask_seed"": 20260935, ""training"": ""none; same fixed mask applied to original QAT weights"", ""weight_checkpoint"": ""mnist_scamp_qat.pt""}","[[0, 0], [0, 2], [1, 0], [1, 1], [1, 2], [1, 3], [2, 0], [2, 2], [2, 3], [3, 0], [3, 1], [3, 2], [3, 3]]",0.9523,0.9533996876854376,0.9522758124662513,0.9518880689123256,41242,737105,352431,118784,61.0,818664.2000000001,CPU framework-independent masked weights; FP32 accumulator; batch-independent eval; MNIST firmware preprocessing,False
13tap_seed7,learned_tap,13,7,artifacts/checkpoints/mnist_scamp_offset13.deploy.pt,"{""batch_size"": 128, ""budget_lambda"": 0.01, ""checkpoint"": ""artifacts/checkpoints/mnist_scamp_offset13.deploy.pt"", ""data_augmentation"": false, ""epochs"": 4, ""gate_lambda"": 0.001, ""gate_lr"": 0.002, ""init"": ""mnist_scamp_qat.pt"", ""lr"": 0.001, ""optimizer"": ""Adam"", ""seed"": 7, ""threshold_ratio"": 0.05}","[[0, 0], [0, 1], [0, 2], [0, 3], [1, 0], [1, 2], [1, 3], [2, 0], [2, 3], [3, 0], [3, 1], [3, 2], [3, 3]]",0.9735,0.9733956783434561,0.9733359654990015,0.9733528924394095,41242,664554,424982,114688,60.0,744647.6000000001,CPU framework-independent masked weights; FP32 accumulator; batch-independent eval; MNIST firmware preprocessing,False
