method,mask_seed,training_seed,selected_offsets,accuracy,macro_precision,macro_recall,macro_f1,params,active_ops,skipped_ops,movement_local,latency_proxy,energy_proxy_b,static_schedule_k,nonzero_weight_tap_count,checkpoint,test_samples,inference_config
random13_mask101_train7,101,7,"[[0,0],[0,1],[0,2],[0,3],[1,1],[1,2],[1,3],[2,0],[2,1],[2,3],[3,1],[3,2],[3,3]]",0.9727,0.9725530368764707,0.9724753734140332,0.9724939031330816,41242,652390,437146,110592,59.0,731018.0,13,13,results\retrained_random13\random101_seed7\deploy.pt,10000,PyTorch eval; CUDA if available else CPU; batch 256; full MNIST firmware preprocessing; dense F.conv2d
random13_mask101_train42,101,42,"[[0,0],[0,1],[0,2],[0,3],[1,1],[1,2],[1,3],[2,0],[2,1],[2,3],[3,1],[3,2],[3,3]]",0.9729,0.9726944227953757,0.9727169786909892,0.9726893699972567,41242,644154,445382,110592,59.0,722782.0,13,13,results\retrained_random13\random101_seed42\deploy.pt,10000,PyTorch eval; CUDA if available else CPU; batch 256; full MNIST firmware preprocessing; dense F.conv2d
random13_mask202_train7,202,7,"[[0,0],[0,2],[0,3],[1,2],[1,3],[2,0],[2,1],[2,2],[2,3],[3,0],[3,1],[3,2],[3,3]]",0.971,0.9707963979910881,0.9708326753729821,0.9707638792190224,41242,668845,420691,114688,60.0,748938.6000000001,13,13,results\retrained_random13\random202_seed7\deploy.pt,10000,PyTorch eval; CUDA if available else CPU; batch 256; full MNIST firmware preprocessing; dense F.conv2d
random13_mask202_train42,202,42,"[[0,0],[0,2],[0,3],[1,2],[1,3],[2,0],[2,1],[2,2],[2,3],[3,0],[3,1],[3,2],[3,3]]",0.9702,0.9700755617822248,0.9699636795488107,0.9699832241611436,41242,664750,424786,114688,60.0,744843.6000000001,13,13,results\retrained_random13\random202_seed42\deploy.pt,10000,PyTorch eval; CUDA if available else CPU; batch 256; full MNIST firmware preprocessing; dense F.conv2d
random13_mask303_train7,303,7,"[[0,0],[0,1],[0,3],[1,0],[1,1],[1,2],[2,1],[2,2],[2,3],[3,0],[3,1],[3,2],[3,3]]",0.9707,0.9705613935607941,0.9705467743492957,0.9705192366154953,41242,656942,432594,122880,62.0,739966.8,13,13,results\retrained_random13\random303_seed7\deploy.pt,10000,PyTorch eval; CUDA if available else CPU; batch 256; full MNIST firmware preprocessing; dense F.conv2d
random13_mask404_train7,404,7,"[[0,0],[0,1],[0,2],[0,3],[1,0],[1,1],[1,2],[2,0],[2,1],[2,2],[2,3],[3,0],[3,2]]",0.9721,0.971941011104056,0.9718712187230721,0.9718896676887485,41242,672682,416854,122880,62.0,755706.8,13,13,results\retrained_random13\random404_seed7\deploy.pt,10000,PyTorch eval; CUDA if available else CPU; batch 256; full MNIST firmware preprocessing; dense F.conv2d
random13_mask505_train7,505,7,"[[0,0],[0,3],[1,0],[1,1],[1,3],[2,0],[2,1],[2,2],[2,3],[3,0],[3,1],[3,2],[3,3]]",0.9694,0.9694126678265487,0.9692407309946258,0.9692826627125358,41242,681211,408325,114688,60.0,761304.6000000001,13,13,results\retrained_random13\random505_seed7\deploy.pt,10000,PyTorch eval; CUDA if available else CPU; batch 256; full MNIST firmware preprocessing; dense F.conv2d
learned13_seed7,learned,7,"[[0,0],[0,1],[0,2],[0,3],[1,0],[1,2],[1,3],[2,0],[2,3],[3,0],[3,1],[3,2],[3,3]]",0.9735,0.9733956783434561,0.9733359654990015,0.9733528924394095,41242,664554,424982,114688,60.0,744647.6000000001,13,13,artifacts/checkpoints/mnist_scamp_offset13.deploy.pt,10000,PyTorch eval; CUDA if available else CPU; batch 256; full MNIST firmware preprocessing; dense F.conv2d
learned13_seed42,learned,42,"[[0,0],[0,1],[0,2],[0,3],[1,0],[1,2],[1,3],[2,0],[2,3],[3,0],[3,1],[3,2],[3,3]]",0.9738,0.9736347175856542,0.9736974867833335,0.9736153210999448,41242,664668,424868,114688,60.0,744761.6000000001,13,13,artifacts/checkpoints/mnist_scamp_offset13_seed42.deploy.pt,10000,PyTorch eval; CUDA if available else CPU; batch 256; full MNIST firmware preprocessing; dense F.conv2d
