model,seed,corruption,severity,accuracy,macro_f1,accuracy_drop
QAT,1729,clean,0,0.9736,0.9733934936570705,0.0
QAT,1729,gaussian,0.05,0.8478,0.8424141315057266,0.12580000000000002
QAT,1729,gaussian,0.1,0.5136,0.49974180760871423,0.4600000000000001
QAT,1729,gaussian,0.2,0.142,0.07288409263980827,0.8316
QAT,1729,translation_left,1,0.9687,0.9684253829487922,0.0049000000000000155
QAT,1729,translation_right,1,0.9724,0.9722095721234192,0.0011999999999999789
QAT,1729,translation_up,1,0.966,0.9657837927308272,0.007600000000000051
QAT,1729,translation_down,1,0.9689,0.9686016418568038,0.0047000000000000375
QAT,1729,translation_left,2,0.9627,0.9622961229709934,0.01090000000000002
QAT,1729,translation_right,2,0.9673,0.9670648297404101,0.006299999999999972
QAT,1729,translation_up,2,0.9452,0.9451022201096274,0.02839999999999998
QAT,1729,translation_down,2,0.953,0.9528052619936698,0.020600000000000063
13-tap seed 7,1729,clean,0,0.9735,0.9733528924394095,0.0
13-tap seed 7,1729,gaussian,0.05,0.8665,0.8728787116084294,0.10699999999999998
13-tap seed 7,1729,gaussian,0.1,0.4468,0.47404413998751405,0.5267000000000001
13-tap seed 7,1729,gaussian,0.2,0.1188,0.031335229155691084,0.8547
13-tap seed 7,1729,translation_left,1,0.9704,0.9701518105369754,0.0030999999999999917
13-tap seed 7,1729,translation_right,1,0.9718,0.9716222129090009,0.0017000000000000348
13-tap seed 7,1729,translation_up,1,0.9643,0.9640685569568092,0.009199999999999986
13-tap seed 7,1729,translation_down,1,0.9686,0.9683170540264975,0.0049000000000000155
13-tap seed 7,1729,translation_left,2,0.9631,0.9627979661237948,0.010400000000000076
13-tap seed 7,1729,translation_right,2,0.9664,0.9662215295644732,0.007099999999999995
13-tap seed 7,1729,translation_up,2,0.9466,0.9462936299559909,0.026900000000000035
13-tap seed 7,1729,translation_down,2,0.9524,0.9522255669053574,0.021100000000000008
13-tap seed 42,1729,clean,0,0.9738,0.9736153210999448,0.0
13-tap seed 42,1729,gaussian,0.05,0.8987,0.9001616744534605,0.07509999999999994
13-tap seed 42,1729,gaussian,0.1,0.5273,0.5461135319935714,0.4465
13-tap seed 42,1729,gaussian,0.2,0.1278,0.049065726115826595,0.846
13-tap seed 42,1729,translation_left,1,0.9676,0.9674272915341854,0.006199999999999983
13-tap seed 42,1729,translation_right,1,0.9719,0.9716725210803208,0.0019000000000000128
13-tap seed 42,1729,translation_up,1,0.9665,0.9663501051883545,0.007299999999999973
13-tap seed 42,1729,translation_down,1,0.968,0.9676868573501561,0.005800000000000027
13-tap seed 42,1729,translation_left,2,0.9601,0.9598149212263909,0.013700000000000045
13-tap seed 42,1729,translation_right,2,0.9689,0.9687316415838634,0.0049000000000000155
13-tap seed 42,1729,translation_up,2,0.9487,0.9484338044668265,0.02510000000000001
13-tap seed 42,1729,translation_down,2,0.9563,0.9560857524091739,0.01749999999999996
