"method","category","k","seed","checkpoint","training_config","selected_offsets","accuracy","macro_precision","macro_recall","macro_f1","params","active_ops","skipped_ops","movement_local","latency_proxy","energy_proxy_b","inference_config","software_sparse_kernel"
"ternary_qat_baseline","ternary_qat","16","","artifacts/checkpoints/mnist_scamp_qat.pt","{""checkpoint"": ""artifacts/checkpoints/mnist_scamp_qat.pt"", ""per_channel_scale"": true, ""seed"": ""unknown_historical_baseline"", ""threshold_ratio"": 0.05, ""training_config"": ""historical checkpoint metadata unavailable""}","[[0, 0], [0, 1], [0, 2], [0, 3], [1, 0], [1, 1], [1, 2], [1, 3], [2, 0], [2, 1], [2, 2], [2, 3], [3, 0], [3, 1], [3, 2], [3, 3]]","0.9736","0.9734704519067872","0.9733563257426908","0.9733934936570705","41242","900945","188591","122880","65.0","984065.8","PyTorch eval; CUDA if available else CPU; batch 256; full MNIST firmware preprocessing; dense F.conv2d","False"
"16tap_seed7","learned_tap","16","7","artifacts/checkpoints/mnist_scamp_offset16.deploy.pt","{""batch_size"": 128, ""budget_lambda"": 0.01, ""checkpoint"": ""artifacts/checkpoints/mnist_scamp_offset16.deploy.pt"", ""data_augmentation"": false, ""epochs"": 4, ""gate_lambda"": 0.001, ""gate_lr"": 0.002, ""init"": ""mnist_scamp_qat.pt"", ""lr"": 0.001, ""optimizer"": ""Adam"", ""seed"": 7, ""threshold_ratio"": 0.05}","[[0, 0], [0, 1], [0, 2], [0, 3], [1, 0], [1, 1], [1, 2], [1, 3], [2, 0], [2, 1], [2, 2], [2, 3], [3, 0], [3, 1], [3, 2], [3, 3]]","0.9736","0.973455252311409","0.9734721243634767","0.9734482104793217","41242","816598","272938","122880","65.0","899718.8","PyTorch eval; CUDA if available else CPU; batch 256; full MNIST firmware preprocessing; dense F.conv2d","False"
"15tap_seed7","learned_tap","15","7","artifacts/checkpoints/mnist_scamp_offset15.deploy.pt","{""batch_size"": 128, ""budget_lambda"": 0.01, ""checkpoint"": ""artifacts/checkpoints/mnist_scamp_offset15.deploy.pt"", ""data_augmentation"": false, ""epochs"": 4, ""gate_lambda"": 0.001, ""gate_lr"": 0.002, ""init"": ""mnist_scamp_qat.pt"", ""lr"": 0.001, ""optimizer"": ""Adam"", ""seed"": 7, ""threshold_ratio"": 0.05}","[[0, 0], [0, 1], [0, 2], [0, 3], [1, 0], [1, 1], [1, 2], [1, 3], [2, 0], [2, 2], [2, 3], [3, 0], [3, 1], [3, 2], [3, 3]]","0.9738","0.9737009803410892","0.9736138084245137","0.9736344702311156","41242","779539","309997","118784","63.0","861162.2000000001","PyTorch eval; CUDA if available else CPU; batch 256; full MNIST firmware preprocessing; dense F.conv2d","False"
"14tap_seed7","learned_tap","14","7","artifacts/checkpoints/mnist_scamp_offset_gated.deploy.pt","{""batch_size"": 128, ""budget_lambda"": 0.01, ""checkpoint"": ""artifacts/checkpoints/mnist_scamp_offset_gated.deploy.pt"", ""data_augmentation"": false, ""epochs"": 4, ""gate_lambda"": 0.001, ""gate_lr"": 0.002, ""init"": ""mnist_scamp_qat.pt"", ""lr"": 0.001, ""optimizer"": ""Adam"", ""seed"": 7, ""threshold_ratio"": 0.05}","[[0, 0], [0, 1], [0, 2], [0, 3], [1, 0], [1, 2], [1, 3], [2, 0], [2, 2], [2, 3], [3, 0], [3, 1], [3, 2], [3, 3]]","0.9746","0.9744198727308919","0.9744972584738157","0.9744397978157634","41242","751083","338453","114688","61.0","831208.6000000001","PyTorch eval; CUDA if available else CPU; batch 256; full MNIST firmware preprocessing; dense F.conv2d","False"
"13tap_seed7","learned_tap","13","7","artifacts/checkpoints/mnist_scamp_offset13.deploy.pt","{""batch_size"": 128, ""budget_lambda"": 0.01, ""checkpoint"": ""artifacts/checkpoints/mnist_scamp_offset13.deploy.pt"", ""data_augmentation"": false, ""epochs"": 4, ""gate_lambda"": 0.001, ""gate_lr"": 0.002, ""init"": ""mnist_scamp_qat.pt"", ""lr"": 0.001, ""optimizer"": ""Adam"", ""seed"": 7, ""threshold_ratio"": 0.05}","[[0, 0], [0, 1], [0, 2], [0, 3], [1, 0], [1, 2], [1, 3], [2, 0], [2, 3], [3, 0], [3, 1], [3, 2], [3, 3]]","0.9735","0.9733956783434561","0.9733359654990015","0.9733528924394095","41242","664554","424982","114688","60.0","744647.6000000001","PyTorch eval; CUDA if available else CPU; batch 256; full MNIST firmware preprocessing; dense F.conv2d","False"
"13tap_seed42","learned_tap","13","42","artifacts/checkpoints/mnist_scamp_offset13_seed42.deploy.pt","{""batch_size"": 128, ""budget_lambda"": 0.01, ""checkpoint"": ""artifacts/checkpoints/mnist_scamp_offset13_seed42.deploy.pt"", ""data_augmentation"": false, ""epochs"": 4, ""gate_lambda"": 0.001, ""gate_lr"": 0.002, ""init"": ""mnist_scamp_qat.pt"", ""lr"": 0.001, ""optimizer"": ""Adam"", ""seed"": 42, ""threshold_ratio"": 0.05}","[[0, 0], [0, 1], [0, 2], [0, 3], [1, 0], [1, 2], [1, 3], [2, 0], [2, 3], [3, 0], [3, 1], [3, 2], [3, 3]]","0.9738","0.9736347175856542","0.9736974867833335","0.9736153210999448","41242","664668","424868","114688","60.0","744761.6000000001","PyTorch eval; CUDA if available else CPU; batch 256; full MNIST firmware preprocessing; dense F.conv2d","False"
"12tap_seed7","learned_tap","12","7","artifacts/checkpoints/mnist_scamp_offset12.deploy.pt","{""batch_size"": 128, ""budget_lambda"": 0.01, ""checkpoint"": ""artifacts/checkpoints/mnist_scamp_offset12.deploy.pt"", ""data_augmentation"": false, ""epochs"": 4, ""gate_lambda"": 0.001, ""gate_lr"": 0.002, ""init"": ""mnist_scamp_qat.pt"", ""lr"": 0.001, ""optimizer"": ""Adam"", ""seed"": 7, ""threshold_ratio"": 0.05}","[[0, 0], [0, 1], [0, 2], [0, 3], [1, 0], [1, 3], [2, 0], [2, 2], [2, 3], [3, 0], [3, 1], [3, 2]]","0.9729","0.9727606872083212","0.9726315002713264","0.9726791431113598","41242","660553","428983","106496","57.0","737683.4","PyTorch eval; CUDA if available else CPU; batch 256; full MNIST firmware preprocessing; dense F.conv2d","False"
"11tap_seed7","learned_tap","11","7","artifacts/checkpoints/mnist_scamp_offset11.deploy.pt","{""batch_size"": 128, ""budget_lambda"": 0.01, ""checkpoint"": ""artifacts/checkpoints/mnist_scamp_offset11.deploy.pt"", ""data_augmentation"": false, ""epochs"": 4, ""gate_lambda"": 0.001, ""gate_lr"": 0.002, ""init"": ""mnist_scamp_qat.pt"", ""lr"": 0.001, ""optimizer"": ""Adam"", ""seed"": 7, ""threshold_ratio"": 0.05}","[[0, 0], [0, 1], [0, 2], [0, 3], [1, 0], [1, 3], [2, 0], [2, 3], [3, 0], [3, 1], [3, 2]]","0.9725","0.9723873527207217","0.9722608237592965","0.9722994887146756","41242","603107","486429","106496","56.0","680205.4","PyTorch eval; CUDA if available else CPU; batch 256; full MNIST firmware preprocessing; dense F.conv2d","False"
"10tap_seed7","learned_tap","10","7","artifacts/checkpoints/mnist_scamp_offset10.deploy.pt","{""batch_size"": 128, ""budget_lambda"": 0.01, ""checkpoint"": ""artifacts/checkpoints/mnist_scamp_offset10.deploy.pt"", ""data_augmentation"": false, ""epochs"": 4, ""gate_lambda"": 0.001, ""gate_lr"": 0.002, ""init"": ""mnist_scamp_qat.pt"", ""lr"": 0.001, ""optimizer"": ""Adam"", ""seed"": 7, ""threshold_ratio"": 0.05}","[[0, 0], [0, 1], [0, 2], [0, 3], [1, 3], [2, 0], [2, 3], [3, 0], [3, 1], [3, 2]]","0.9712","0.9709188354035906","0.9709911836227668","0.970930243274142","41242","565998","523538","102400","54.0","641598.8","PyTorch eval; CUDA if available else CPU; batch 256; full MNIST firmware preprocessing; dense F.conv2d","False"
"learned13_fixed_mask","learned_fixed_mask","13","7","mnist_scamp_offset13.pt","{""training"": ""learned static top-k; mask applied at inference"", ""weight_checkpoint"": ""mnist_scamp_offset13.pt""}","[[0, 0], [0, 1], [0, 2], [0, 3], [1, 0], [1, 2], [1, 3], [2, 0], [2, 3], [3, 0], [3, 1], [3, 2], [3, 3]]","0.9735","0.9733956783434561","0.9733359654990015","0.9733528924394095","41242","664554","424982","114688","60.0","744647.6000000001","PyTorch eval; CUDA if available else CPU; batch 256; full MNIST firmware preprocessing; dense F.conv2d","False"
"random13_1","random_fixed_mask","13","20260931","mnist_scamp_offset13.deploy.pt","{""mask_seed"": 20260931, ""training"": ""none; fixed-mask inference ablation"", ""weight_checkpoint"": ""mnist_scamp_offset13.deploy.pt""}","[[0, 0], [0, 2], [0, 3], [1, 0], [1, 1], [1, 2], [1, 3], [2, 0], [2, 2], [2, 3], [3, 1], [3, 2], [3, 3]]","0.7971","0.8736186747800645","0.7945313708524837","0.7987312370071741","41242","664554","424982","118784","61.0","746113.2000000001","PyTorch eval; CUDA if available else CPU; batch 256; full MNIST firmware preprocessing; dense F.conv2d","False"
"random13_2","random_fixed_mask","13","20260932","mnist_scamp_offset13.deploy.pt","{""mask_seed"": 20260932, ""training"": ""none; fixed-mask inference ablation"", ""weight_checkpoint"": ""mnist_scamp_offset13.deploy.pt""}","[[0, 0], [0, 1], [0, 2], [1, 2], [1, 3], [2, 0], [2, 1], [2, 2], [2, 3], [3, 0], [3, 1], [3, 2], [3, 3]]","0.8389","0.8928624015354432","0.8388527252722966","0.8420446841713058","41242","668650","420886","110592","59.0","747278.0","PyTorch eval; CUDA if available else CPU; batch 256; full MNIST firmware preprocessing; dense F.conv2d","False"
"random13_3","random_fixed_mask","13","20260933","mnist_scamp_offset13.deploy.pt","{""mask_seed"": 20260933, ""training"": ""none; fixed-mask inference ablation"", ""weight_checkpoint"": ""mnist_scamp_offset13.deploy.pt""}","[[0, 0], [0, 1], [0, 2], [0, 3], [1, 0], [1, 1], [1, 2], [1, 3], [2, 0], [2, 2], [3, 1], [3, 2], [3, 3]]","0.8903","0.9084830765538292","0.8886459534168469","0.8891868460950848","41242","656362","433174","118784","61.0","737921.2000000001","PyTorch eval; CUDA if available else CPU; batch 256; full MNIST firmware preprocessing; dense F.conv2d","False"
"random13_4","random_fixed_mask","13","20260934","mnist_scamp_offset13.deploy.pt","{""mask_seed"": 20260934, ""training"": ""none; fixed-mask inference ablation"", ""weight_checkpoint"": ""mnist_scamp_offset13.deploy.pt""}","[[0, 2], [0, 3], [1, 0], [1, 1], [1, 2], [2, 0], [2, 1], [2, 2], [2, 3], [3, 0], [3, 1], [3, 2], [3, 3]]","0.8195","0.8959685410754934","0.8182790828016315","0.833180725686322","41242","648170","441366","114688","60.0","728263.6000000001","PyTorch eval; CUDA if available else CPU; batch 256; full MNIST firmware preprocessing; dense F.conv2d","False"
"random13_5","random_fixed_mask","13","20260935","mnist_scamp_offset13.deploy.pt","{""mask_seed"": 20260935, ""training"": ""none; fixed-mask inference ablation"", ""weight_checkpoint"": ""mnist_scamp_offset13.deploy.pt""}","[[0, 0], [0, 2], [1, 0], [1, 1], [1, 2], [1, 3], [2, 0], [2, 2], [2, 3], [3, 0], [3, 1], [3, 2], [3, 3]]","0.959","0.9597298001858559","0.958566471891172","0.9586866920320096","41242","664554","424982","118784","61.0","746113.2000000001","PyTorch eval; CUDA if available else CPU; batch 256; full MNIST firmware preprocessing; dense F.conv2d","False"
"manual_corner_drop13","manual_fixed_mask","13","","mnist_scamp_offset13.deploy.pt","{""rule"": ""drop three corners (0,0),(0,3),(3,0)"", ""training"": ""none; fixed-mask inference ablation"", ""weight_checkpoint"": ""mnist_scamp_offset13.deploy.pt""}","[[0, 1], [0, 2], [1, 0], [1, 1], [1, 2], [1, 3], [2, 0], [2, 1], [2, 2], [2, 3], [3, 1], [3, 2], [3, 3]]","0.9363","0.9399079167310042","0.9348184713992691","0.9345880332214642","41242","660458","429078","118784","61.0","742017.2000000001","PyTorch eval; CUDA if available else CPU; batch 256; full MNIST firmware preprocessing; dense F.conv2d","False"
"random13_qat_1","random_mask_on_qat","13","20260931","mnist_scamp_qat.pt","{""mask_seed"": 20260931, ""training"": ""none; same fixed mask applied to original QAT weights"", ""weight_checkpoint"": ""mnist_scamp_qat.pt""}","[[0, 0], [0, 2], [0, 3], [1, 0], [1, 1], [1, 2], [1, 3], [2, 0], [2, 2], [2, 3], [3, 1], [3, 2], [3, 3]]","0.8391","0.8942003315243271","0.8383303851441507","0.8393219153941753","41242","733009","356527","118784","61.0","814568.2000000001","PyTorch eval; CUDA if available else CPU; batch 256; full MNIST firmware preprocessing; dense F.conv2d","False"
"random13_qat_2","random_mask_on_qat","13","20260932","mnist_scamp_qat.pt","{""mask_seed"": 20260932, ""training"": ""none; same fixed mask applied to original QAT weights"", ""weight_checkpoint"": ""mnist_scamp_qat.pt""}","[[0, 0], [0, 1], [0, 2], [1, 2], [1, 3], [2, 0], [2, 1], [2, 2], [2, 3], [3, 0], [3, 1], [3, 2], [3, 3]]","0.9238","0.9351847204041059","0.922864282990522","0.9249011200532171","41242","753489","336047","110592","59.0","832117.0","PyTorch eval; CUDA if available else CPU; batch 256; full MNIST firmware preprocessing; dense F.conv2d","False"
"random13_qat_3","random_mask_on_qat","13","20260933","mnist_scamp_qat.pt","{""mask_seed"": 20260933, ""training"": ""none; same fixed mask applied to original QAT weights"", ""weight_checkpoint"": ""mnist_scamp_qat.pt""}","[[0, 0], [0, 1], [0, 2], [0, 3], [1, 0], [1, 1], [1, 2], [1, 3], [2, 0], [2, 2], [3, 1], [3, 2], [3, 3]]","0.7033","0.8345010658837217","0.698834035438042","0.6598881812770115","41242","733009","356527","118784","61.0","814568.2000000001","PyTorch eval; CUDA if available else CPU; batch 256; full MNIST firmware preprocessing; dense F.conv2d","False"
"random13_qat_4","random_mask_on_qat","13","20260934","mnist_scamp_qat.pt","{""mask_seed"": 20260934, ""training"": ""none; same fixed mask applied to original QAT weights"", ""weight_checkpoint"": ""mnist_scamp_qat.pt""}","[[0, 2], [0, 3], [1, 0], [1, 1], [1, 2], [2, 0], [2, 1], [2, 2], [2, 3], [3, 0], [3, 1], [3, 2], [3, 3]]","0.6938","0.8507226450799996","0.6948417657697934","0.715733702234422","41242","728913","360623","114688","60.0","809006.6000000001","PyTorch eval; CUDA if available else CPU; batch 256; full MNIST firmware preprocessing; dense F.conv2d","False"
"random13_qat_5","random_mask_on_qat","13","20260935","mnist_scamp_qat.pt","{""mask_seed"": 20260935, ""training"": ""none; same fixed mask applied to original QAT weights"", ""weight_checkpoint"": ""mnist_scamp_qat.pt""}","[[0, 0], [0, 2], [1, 0], [1, 1], [1, 2], [1, 3], [2, 0], [2, 2], [2, 3], [3, 0], [3, 1], [3, 2], [3, 3]]","0.9523","0.9533996876854376","0.9522758124662513","0.9518880689123256","41242","737105","352431","118784","61.0","818664.2000000001","PyTorch eval; CUDA if available else CPU; batch 256; full MNIST firmware preprocessing; dense F.conv2d","False"
